Platform,Content_Type,Hashtag,Posts,Avg_Views,Avg_Shares,Avg_Engagement,Avg_Virality
Instagram,Shorts,#Fashion,10,1422479.0,48076.3,31.15,8.6
Instagram,Video,#Dance,23,1530510.78,39289.96,28.7,7.31
Twitter,Reel,#Tech,29,2040033.03,46640.55,25.42,6.77
Twitter,Tweet,#Tech,19,2063451.21,51413.79,27.8,6.36
Instagram,Post,#Viral,14,2220127.5,53553.14,25.6,6.21
Instagram,Shorts,#Tech,15,2102837.6,45347.6,17.66,6.1
Instagram,Live Stream,#Dance,21,1682545.05,43941.33,24.31,6.0
Instagram,Video,#Education,22,2111030.86,53401.91,23.08,5.86
YouTube,Post,#Tech,28,2031700.79,55280.96,23.08,5.7
YouTube,Tweet,#Fashion,18,2085684.89,55222.17,17.81,5.53
Instagram,Live Stream,#Viral,23,2064677.78,51027.61,18.85,5.5
YouTube,Tweet,#Education,26,2034535.69,48089.69,21.78,5.42
Twitter,Video,#Tech,19,2254670.11,54219.21,18.09,5.41
Instagram,Live Stream,#Fitness,22,2167554.09,59579.5,19.65,5.35
Twitter,Reel,#Viral,11,1931403.18,43874.73,22.69,5.34
TikTok,Video,#Comedy,26,1753171.81,50755.04,17.94,5.3
Instagram,Video,#Fashion,23,2239659.26,48172.04,20.28,5.17
Instagram,Reel,#Gaming,19,2043403.89,63857.79,18.16,5.17
Twitter,Reel,#Gaming,17,2057270.47,52385.12,19.67,5.16
TikTok,Post,#Gaming,17,2256872.29,44763.24,19.2,5.13
YouTube,Post,#Fashion,21,2195396.71,54350.33,18.26,4.93
Twitter,Shorts,#Gaming,17,2297420.71,56285.06,14.44,4.91
TikTok,Reel,#Dance,12,2250898.42,57237.0,17.98,4.87
Instagram,Reel,#Viral,22,2304442.82,51223.27,17.18,4.82
YouTube,Reel,#Comedy,19,2340252.58,40955.21,19.3,4.76
TikTok,Live Stream,#Comedy,18,2159025.83,53472.44,20.01,4.74
Instagram,Shorts,#Dance,20,2050049.6,44047.6,18.41,4.72
Twitter,Post,#Education,24,2261321.04,44858.96,14.24,4.69
YouTube,Live Stream,#Viral,20,2048588.7,41277.75,18.05,4.67
YouTube,Video,#Dance,23,2307281.61,47869.0,17.99,4.66
YouTube,Post,#Challenge,32,2129448.12,51352.34,16.27,4.66
YouTube,Shorts,#Education,25,2047367.04,34660.4,19.13,4.64
YouTube,Shorts,#Viral,16,1872707.38,42273.69,18.75,4.62
Twitter,Post,#Tech,13,2307232.23,50340.62,15.89,4.62
Instagram,Live Stream,#Music,25,2068972.56,47088.44,20.32,4.59
Twitter,Video,#Gaming,20,2317089.9,63636.6,17.59,4.59
YouTube,Shorts,#Fashion,26,2112898.85,49693.81,16.33,4.59
Instagram,Reel,#Fitness,32,2244459.66,62206.03,14.84,4.58
TikTok,Reel,#Challenge,19,2734970.58,57699.53,14.5,4.52
TikTok,Video,#Fitness,26,2386878.46,54832.88,16.8,4.51
Twitter,Post,#Fashion,21,2308590.24,40216.48,13.84,4.51
TikTok,Shorts,#Music,12,2470633.83,53349.17,19.19,4.5
Twitter,Shorts,#Comedy,14,2332494.5,44208.21,17.33,4.47
TikTok,Live Stream,#Gaming,18,1976040.61,60931.56,15.3,4.43
YouTube,Reel,#Dance,20,2567894.85,45854.35,16.09,4.42
Instagram,Tweet,#Education,24,2327916.12,53096.88,15.99,4.4
TikTok,Shorts,#Challenge,23,2112068.61,49756.52,15.67,4.37
Instagram,Tweet,#Fitness,25,2219121.56,60301.36,15.52,4.32
Twitter,Shorts,#Fashion,21,2471600.76,59104.52,18.59,4.3
YouTube,Video,#Music,17,2055464.65,41653.94,14.69,4.3
YouTube,Post,#Dance,29,2541406.28,49985.24,15.45,4.23
TikTok,Live Stream,#Fashion,22,2228158.32,42426.32,15.96,4.21
Instagram,Live Stream,#Education,21,2103831.67,51430.0,15.57,4.2
TikTok,Tweet,#Fashion,23,2296560.91,49883.87,16.36,4.19
Twitter,Shorts,#Viral,19,2270290.68,56265.63,12.48,4.14
Twitter,Live Stream,#Challenge,24,2019107.29,50631.54,15.04,4.11
Twitter,Video,#Music,17,2396668.65,49448.94,15.0,4.04
TikTok,Tweet,#Comedy,29,2404189.86,52471.69,13.7,4.04
Instagram,Post,#Fitness,20,2428673.55,52144.65,13.42,4.02
Twitter,Tweet,#Gaming,30,2240439.6,54740.93,12.95,4.01
TikTok,Shorts,#Education,12,2408210.67,42198.25,17.36,4.0
Twitter,Tweet,#Fashion,23,2510852.13,54685.83,14.91,3.99
YouTube,Reel,#Fitness,28,2257744.25,40907.61,15.38,3.93
TikTok,Live Stream,#Education,27,2328087.7,52648.48,12.98,3.93
YouTube,Post,#Education,28,2088011.75,44105.46,15.84,3.91
Twitter,Tweet,#Comedy,26,2191436.65,53696.77,13.93,3.87
Instagram,Reel,#Tech,17,2620995.29,53783.65,15.47,3.86
Instagram,Live Stream,#Tech,14,2947439.14,57097.93,15.26,3.85
TikTok,Tweet,#Viral,13,2241329.08,47238.31,14.13,3.85
YouTube,Post,#Comedy,24,2387017.46,48287.79,15.74,3.83
Instagram,Tweet,#Fashion,26,2222317.62,47824.81,13.68,3.83
Twitter,Live Stream,#Fashion,23,2347442.52,48297.26,14.65,3.82
YouTube,Live Stream,#Comedy,26,2459415.46,40957.19,14.28,3.82
YouTube,Reel,#Challenge,25,2367634.52,60861.32,13.76,3.82
Instagram,Live Stream,#Comedy,19,2249837.74,49043.26,15.54,3.81
YouTube,Live Stream,#Music,21,2516611.95,52810.43,14.24,3.81
Instagram,Tweet,#Comedy,15,2322286.53,41509.13,14.13,3.8
TikTok,Live Stream,#Music,21,2272130.81,50869.57,14.38,3.77
Twitter,Reel,#Fashion,27,2562904.63,48773.11,14.25,3.76
Instagram,Shorts,#Challenge,21,2450675.9,52901.1,12.16,3.76
Instagram,Shorts,#Music,19,2544005.05,58111.47,13.57,3.75
TikTok,Tweet,#Challenge,21,2171847.33,42219.0,14.81,3.74
YouTube,Tweet,#Tech,28,2427037.96,52640.54,12.57,3.73
TikTok,Post,#Dance,23,1899294.13,39883.74,16.23,3.72
Twitter,Tweet,#Viral,24,2670628.33,52584.04,13.96,3.71
Twitter,Tweet,#Education,20,2418190.5,49685.4,15.31,3.69
Instagram,Reel,#Music,29,2237651.0,56154.83,13.21,3.69
Instagram,Post,#Dance,24,2796967.75,56926.12,13.85,3.62
YouTube,Video,#Gaming,24,2203287.04,49009.71,14.39,3.61
Twitter,Reel,#Dance,16,2076175.69,59990.69,13.29,3.61
Twitter,Post,#Gaming,28,2318794.25,44444.25,14.27,3.58
YouTube,Video,#Viral,23,2278445.04,55886.04,14.11,3.58
Instagram,Tweet,#Gaming,23,2403901.35,51393.09,13.07,3.57
TikTok,Post,#Education,22,2287610.18,62386.27,11.62,3.57
YouTube,Shorts,#Dance,26,2421687.77,59518.19,12.9,3.55
TikTok,Shorts,#Comedy,23,2375215.09,52683.35,10.56,3.55
Twitter,Live Stream,#Tech,20,2193673.15,39454.95,14.24,3.53
TikTok,Video,#Fashion,17,2075717.76,60117.18,12.83,3.53
TikTok,Reel,#Music,27,2590620.0,52244.78,15.01,3.48
TikTok,Reel,#Fashion,19,2978029.58,58132.74,12.53,3.48
TikTok,Live Stream,#Dance,20,2418352.95,49989.2,13.77,3.47
Instagram,Reel,#Comedy,20,2532292.9,63962.95,13.02,3.47
YouTube,Video,#Challenge,20,2591359.9,58948.15,12.52,3.47
TikTok,Live Stream,#Viral,21,2181131.33,52483.48,11.76,3.47
Twitter,Live Stream,#Education,25,2389721.16,53113.16,13.36,3.46
TikTok,Post,#Tech,18,2765046.94,64425.83,12.86,3.46
Twitter,Reel,#Education,17,2865895.29,48721.65,12.77,3.46
Instagram,Shorts,#Comedy,27,2155766.15,48308.93,12.71,3.46
TikTok,Reel,#Comedy,18,2751527.39,53828.06,11.21,3.46
TikTok,Tweet,#Music,26,2443619.19,50071.58,13.05,3.45
YouTube,Reel,#Tech,18,2275378.72,57098.39,12.54,3.42
TikTok,Post,#Viral,15,2551915.73,62429.13,12.9,3.39
TikTok,Shorts,#Viral,18,2210010.94,41079.61,12.43,3.39
Instagram,Shorts,#Viral,16,2844106.44,50616.5,13.04,3.38
Instagram,Video,#Challenge,18,2447039.72,57362.61,13.03,3.37
YouTube,Post,#Fitness,15,2650089.33,58211.6,12.43,3.36
Twitter,Live Stream,#Viral,20,2269952.65,46529.25,12.38,3.36
TikTok,Video,#Music,21,2366033.86,46837.95,14.01,3.35
YouTube,Shorts,#Music,18,3055108.44,59379.33,12.74,3.34
YouTube,Video,#Education,21,3004182.33,55801.48,11.17,3.34
Instagram,Live Stream,#Challenge,26,2693382.54,48760.23,12.84,3.33
TikTok,Shorts,#Fitness,25,2661521.28,51949.28,13.21,3.32
YouTube,Tweet,#Challenge,25,2603928.92,55315.32,12.61,3.32
Twitter,Post,#Dance,22,2427931.55,50678.41,13.1,3.31
Twitter,Reel,#Comedy,21,2571801.48,41206.67,15.06,3.3
Instagram,Video,#Comedy,19,2772009.42,57363.42,11.98,3.29
YouTube,Reel,#Viral,25,2954218.76,56729.44,10.46,3.29
YouTube,Tweet,#Comedy,20,2619159.2,58237.15,12.9,3.27
Instagram,Video,#Fitness,20,2330604.7,52082.45,15.01,3.26
Instagram,Live Stream,#Fashion,21,2460175.86,56087.19,14.16,3.26
TikTok,Post,#Challenge,25,2460691.56,52022.0,12.01,3.26
TikTok,Video,#Gaming,21,2350596.57,52899.9,14.37,3.25
Instagram,Reel,#Dance,16,2137383.75,33949.31,13.25,3.24
TikTok,Tweet,#Dance,29,2692031.55,55157.21,11.75,3.22
TikTok,Reel,#Education,25,2993818.0,69204.8,11.71,3.22
TikTok,Post,#Comedy,18,2666778.72,55126.89,12.68,3.21
Instagram,Tweet,#Tech,16,2718150.62,45884.31,13.04,3.2
TikTok,Video,#Viral,27,2720594.0,47853.0,11.84,3.2
Instagram,Tweet,#Dance,17,2234187.0,46479.59,13.66,3.18
Instagram,Reel,#Education,20,2780075.15,56103.25,14.42,3.17
TikTok,Video,#Challenge,15,2775205.47,54610.73,12.23,3.17
Instagram,Shorts,#Fitness,24,2477024.21,49693.08,11.37,3.17
TikTok,Reel,#Viral,25,2472998.0,53021.64,11.48,3.16
Instagram,Post,#Education,22,2595566.32,54666.64,12.34,3.15
Twitter,Video,#Fashion,12,2586543.33,63088.42,9.85,3.15
Instagram,Video,#Tech,22,2722025.55,42725.68,13.22,3.13
YouTube,Shorts,#Tech,15,2873297.6,46940.27,12.95,3.12
Instagram,Live Stream,#Gaming,19,2830207.21,53284.95,11.33,3.12
TikTok,Reel,#Tech,20,2661684.3,49120.55,12.9,3.11
TikTok,Reel,#Fitness,15,2256700.93,49894.47,13.46,3.09
YouTube,Live Stream,#Fitness,31,2668801.45,58512.0,12.18,3.09
TikTok,Shorts,#Dance,22,2892075.73,53271.41,11.29,3.09
YouTube,Tweet,#Viral,19,2792107.32,50219.95,12.6,3.08
Twitter,Post,#Viral,26,2446012.58,49150.15,11.65,3.08
TikTok,Shorts,#Gaming,25,2505119.96,61399.16,11.47,3.08
TikTok,Video,#Education,17,3277223.76,49523.47,10.6,3.08
Twitter,Shorts,#Education,17,2604890.88,54926.41,12.32,3.07
TikTok,Live Stream,#Challenge,22,2559460.32,58206.55,11.14,3.07
YouTube,Post,#Music,19,2462981.68,58127.42,11.39,3.06
Twitter,Video,#Viral,27,2793327.19,59140.0,10.78,3.06
Twitter,Shorts,#Music,17,2184058.53,47522.71,9.19,3.05
Twitter,Reel,#Fitness,25,2665930.4,44258.04,13.84,3.04
YouTube,Reel,#Gaming,13,2779682.38,53656.08,13.8,3.04
YouTube,Reel,#Music,21,3173576.24,60929.43,12.7,3.04
Instagram,Tweet,#Music,12,2785327.0,53454.33,13.12,3.02
TikTok,Video,#Dance,22,2639517.73,42226.55,12.1,3.02
YouTube,Shorts,#Fitness,25,2893165.04,38346.4,11.62,3.02
TikTok,Post,#Music,23,2695369.09,55137.04,10.56,3.02
Instagram,Video,#Music,25,2665248.68,36669.08,13.48,3.01
YouTube,Reel,#Fashion,21,2560437.9,42311.86,12.89,3.01
Twitter,Post,#Comedy,22,2723262.91,53521.41,12.17,3.0
TikTok,Shorts,#Tech,29,2445371.76,41319.45,12.84,2.99
Instagram,Post,#Comedy,20,2781678.35,43906.45,12.71,2.99
YouTube,Live Stream,#Fashion,20,2551096.2,56835.45,11.44,2.99
YouTube,Shorts,#Gaming,16,2836630.81,48304.25,12.19,2.98
Twitter,Post,#Challenge,17,2556121.53,48630.12,11.87,2.98
Instagram,Tweet,#Viral,10,3017812.0,31371.0,12.18,2.97
Instagram,Post,#Challenge,14,1719078.21,42033.93,11.73,2.97
Twitter,Video,#Education,19,2975169.68,52443.79,9.92,2.97
Twitter,Tweet,#Music,24,2523633.54,50607.71,11.95,2.95
TikTok,Tweet,#Fitness,18,2936776.5,58691.83,9.82,2.95
YouTube,Shorts,#Challenge,28,2458244.54,48370.86,11.53,2.94
Instagram,Shorts,#Gaming,22,2557379.14,44738.14,11.28,2.94
Twitter,Video,#Challenge,19,2149393.53,60699.74,12.08,2.92
Twitter,Video,#Fitness,21,2949809.05,51271.14,10.47,2.92
YouTube,Tweet,#Fitness,21,2930233.67,56184.38,11.89,2.91
YouTube,Video,#Tech,21,2732336.24,43317.38,9.99,2.91
YouTube,Live Stream,#Tech,27,2635103.7,43959.74,12.75,2.9
Twitter,Live Stream,#Comedy,24,2617581.25,47335.38,11.95,2.89
Instagram,Post,#Gaming,16,2878843.94,62009.44,10.38,2.89
YouTube,Video,#Fashion,23,2903471.96,52678.65,12.13,2.88
Twitter,Shorts,#Tech,14,2909617.93,50386.07,12.16,2.87
YouTube,Video,#Comedy,12,2921682.75,52623.75,12.45,2.86
YouTube,Post,#Viral,22,2521253.59,42935.55,11.32,2.86
Twitter,Post,#Fitness,28,2631063.89,46713.04,11.23,2.86
TikTok,Video,#Tech,22,2495559.18,45129.27,10.65,2.86
Twitter,Post,#Music,20,2828297.3,50557.45,9.93,2.86
TikTok,Tweet,#Gaming,18,2322340.17,37858.44,12.57,2.82
TikTok,Shorts,#Fashion,19,3260641.74,48706.42,11.39,2.82
YouTube,Shorts,#Comedy,22,2856800.45,44652.32,10.33,2.82
YouTube,Live Stream,#Gaming,19,2485046.32,41209.79,13.52,2.77
Twitter,Reel,#Music,20,2977003.25,42358.15,12.02,2.77
Twitter,Video,#Comedy,23,2343318.04,39082.13,11.94,2.77
YouTube,Post,#Gaming,20,2851883.75,40859.45,11.84,2.77
YouTube,Video,#Fitness,20,2526472.35,50308.35,9.81,2.77
Instagram,Tweet,#Challenge,20,2667700.65,48926.55,10.53,2.76
Twitter,Live Stream,#Dance,22,3250944.86,60284.41,8.4,2.76
YouTube,Tweet,#Music,25,2961965.56,53845.64,9.9,2.75
Twitter,Reel,#Challenge,19,2664459.05,39800.42,11.69,2.74
Instagram,Reel,#Challenge,21,2294126.9,46997.05,11.26,2.73
TikTok,Tweet,#Tech,18,3008074.61,52200.06,10.56,2.73
Twitter,Tweet,#Challenge,12,2887982.0,43141.58,11.56,2.69
YouTube,Tweet,#Gaming,21,2843621.38,55239.38,10.16,2.69
TikTok,Tweet,#Education,23,2585523.13,56646.91,9.78,2.68
Instagram,Reel,#Fashion,18,2506050.5,36430.17,11.07,2.67
Twitter,Video,#Dance,21,2724212.38,43592.86,11.07,2.67
Instagram,Shorts,#Education,22,2501761.73,50042.14,11.4,2.65
TikTok,Post,#Fitness,27,2776592.89,49827.26,9.96,2.64
Instagram,Video,#Viral,25,2425814.48,53978.92,11.06,2.61
TikTok,Reel,#Gaming,30,2786943.3,42767.17,11.96,2.6
YouTube,Live Stream,#Dance,24,3003056.0,46490.58,10.59,2.57
Twitter,Tweet,#Dance,16,2616685.12,58562.31,8.91,2.57
YouTube,Live Stream,#Challenge,22,2889212.5,41127.23,10.45,2.56
Instagram,Post,#Fashion,18,2324969.61,56206.83,7.82,2.56
Twitter,Shorts,#Dance,12,2655801.08,48801.5,10.46,2.55
TikTok,Live Stream,#Tech,23,2806717.83,45711.09,8.44,2.53
YouTube,Tweet,#Dance,16,2622569.94,56208.12,11.33,2.52
Instagram,Post,#Tech,26,2847961.58,36848.81,11.28,2.52
TikTok,Post,#Fashion,15,2770077.8,54225.13,9.89,2.52
YouTube,Reel,#Education,25,3065114.76,52591.92,9.61,2.52
Twitter,Live Stream,#Fitness,20,2684682.15,45908.7,9.25,2.43
Twitter,Shorts,#Challenge,19,2705379.95,52730.42,9.55,2.4
Twitter,Live Stream,#Gaming,11,3513928.36,58112.55,8.86,2.37
Twitter,Tweet,#Fitness,17,2858294.76,38261.06,9.39,2.35
Instagram,Video,#Gaming,15,3116763.73,46449.33,10.46,2.34
YouTube,Live Stream,#Education,21,3256042.57,49662.19,8.56,2.3
Instagram,Post,#Music,17,2863633.47,40113.71,8.93,2.18
Twitter,Live Stream,#Music,17,2668548.0,56823.24,9.4,2.14
TikTok,Live Stream,#Fitness,15,3259987.6,38052.13,5.62,1.85
Twitter,Shorts,#Fitness,16,3114506.75,54115.31,6.07,1.8
