Post_Date,Median_Virality,Median_Engagement,Total_Views,Post_Count,Rolling_3M_Virality
2022-01-01,3.5284801379370108,12.844293305018322,470961374,203,
2022-02-01,3.1975659360645863,12.228234151473666,525529116,197,
2022-03-01,3.2374378775842003,12.044139582400566,546117832,213,3.3211613171952656
2022-04-01,3.405472773645379,12.97121405478563,440235659,182,3.2801588624313887
2022-05-01,3.9701750998678405,14.217880562409322,503584593,219,3.537695250365806
2022-06-01,3.1321208009567836,11.962737670506256,573676463,225,3.5025895581566675
2022-07-01,3.261185950841124,12.51086695790065,546721229,217,3.4544939505552494
2022-08-01,3.561199462545232,14.244541525119239,529419638,215,3.31816873811438
2022-09-01,3.4401420088242745,12.60073686396876,515975542,210,3.4208424740702097
2022-10-01,3.0222655622728576,11.46088901340706,518561891,204,3.3412023445474546
2022-11-01,3.5158313526446454,12.920527292332501,520194535,217,3.3260796412472593
2022-12-01,3.1932405059939573,12.395001076606725,572932631,220,3.24377914030382
2023-01-01,3.2870273456903973,12.389946023362281,453254146,183,3.332033068109667
2023-02-01,3.497935719486579,12.88305164048703,520864901,205,3.326067857056978
2023-03-01,3.293152110976837,13.208822313848248,507129876,195,3.3593717253846047
2023-04-01,3.4357593193364755,13.377102303739393,544603457,213,3.408949049933297
2023-05-01,3.4733949970259568,12.915961059227008,581614119,226,3.40076880911309
2023-06-01,3.064977162221895,12.510495479594324,525432889,207,3.324710492861442
2023-07-01,3.4024393163087003,14.275034669152378,486258866,199,3.3136038251855173
2023-08-01,3.815234955618955,14.97425964292379,507057393,207,3.42755047804985
2023-09-01,3.838542347318336,14.327309783230504,511932539,215,3.6854055397486634
2023-10-01,3.024647105720545,11.683243336169765,598194042,229,3.5594748028859455
2023-11-01,3.510819160949797,13.008674050989363,483919588,198,3.4580028713295596
2023-12-01,3.3868227987479744,12.805825584945293,486159901,201,3.3074296884727725
