Hashtag,Posts,Total_Views,Total_Likes,Total_Shares,Total_Comments,Median_Engagement,Median_Virality
#Comedy,505,1237321563,128075952,24956115,12523437,13.54,3.56
#Viral,481,1172480925,120232921,24256296,11917503,13.29,3.54
#Fashion,487,1181866511,121735671,24816032,11788480,13.4,3.53
#Dance,496,1213891935,126224505,24580747,12184262,13.35,3.44
#Education,525,1328894615,136722295,27168070,12959585,12.73,3.39
#Tech,491,1235543295,127830450,23709020,12667579,13.25,3.31
#Music,493,1266398079,122270318,25126055,12337077,12.67,3.31
#Gaming,479,1197834795,116310583,24601832,12134142,12.81,3.25
#Challenge,507,1242826928,122294707,25949491,12780380,12.59,3.23
#Fitness,536,1393273574,135677747,27434152,13149524,11.94,3.16
