Post_Date,Posts,Total_Views,Total_Likes,Total_Shares,Total_Comments,Median_Engagement,Median_Virality,Month
2022-01-01,203,470961374,48073350,10041327,5144194,12.844293305018322,3.5284801379370108,2022-01
2022-02-01,197,525529116,52210884,9938693,4833358,12.228234151473666,3.1975659360645863,2022-02
2022-03-01,213,546117832,52517809,11308717,5108922,12.044139582400566,3.2374378775842003,2022-03
2022-04-01,182,440235659,46296196,8636495,5033859,12.97121405478563,3.405472773645379,2022-04
2022-05-01,219,503584593,55172479,11236863,5216681,14.217880562409322,3.9701750998678405,2022-05
2022-06-01,225,573676463,56456236,11727626,5484131,11.962737670506256,3.1321208009567836,2022-06
2022-07-01,217,546721229,55090383,10894038,5977117,12.51086695790065,3.261185950841124,2022-07
2022-08-01,215,529419638,55160039,10746797,5024494,14.244541525119239,3.561199462545232,2022-08
2022-09-01,210,515975542,49292249,10957297,5087349,12.60073686396876,3.4401420088242745,2022-09
2022-10-01,204,518561891,48599133,9487662,4764866,11.46088901340706,3.0222655622728576,2022-10
2022-11-01,217,520194535,51178076,11617405,5448137,12.920527292332501,3.5158313526446454,2022-11
2022-12-01,220,572932631,56811219,10579657,5394493,12.395001076606725,3.1932405059939573,2022-12
2023-01-01,183,453254146,43641407,9413522,4648956,12.389946023362281,3.2870273456903973,2023-01
2023-02-01,205,520864901,50020191,10422447,5163473,12.88305164048703,3.497935719486579,2023-02
2023-03-01,195,507129876,49878788,10233429,4909908,13.208822313848248,3.293152110976837,2023-03
2023-04-01,213,544603457,56735916,10679971,5419344,13.377102303739393,3.4357593193364755,2023-04
2023-05-01,226,581614119,60716061,11909849,5742458,12.915961059227008,3.4733949970259568,2023-05
2023-06-01,207,525432889,51870099,10486437,5290928,12.510495479594324,3.064977162221895,2023-06
2023-07-01,199,486258866,49884908,9411405,5157094,14.275034669152378,3.4024393163087003,2023-07
2023-08-01,207,507057393,56053043,10756517,5330067,14.97425964292379,3.815234955618955,2023-08
2023-09-01,215,511932539,55731714,10707751,4970953,14.327309783230504,3.838542347318336,2023-09
2023-10-01,229,598194042,55219016,11399697,5380925,11.683243336169765,3.024647105720545,2023-10
2023-11-01,198,483919588,48772306,10132681,4977640,13.008674050989363,3.510819160949797,2023-11
2023-12-01,201,486159901,51993647,9871527,4932622,12.805825584945293,3.3868227987479744,2023-12
