Post_ID,Post_Date,Platform,Content_Type,Hashtag,Region,Views,Likes,Shares,Comments,Engagement_Rate,Virality_Score
Post_4827,2023-09-03,TikTok,Shorts,#Viral,USA,1266,318849,1715,36121,28174.17,5689.02
Post_1541,2023-11-01,Instagram,Live Stream,#Comedy,Japan,4323,301571,81786,30318,9569.16,2670.59
Post_3687,2023-06-27,YouTube,Live Stream,#Tech,UK,5467,337597,79716,33748,8250.61,2233.37
Post_2648,2023-05-25,YouTube,Post,#Challenge,USA,8982,353646,77267,39542,5237.75,1391.65
Post_4692,2022-07-31,Twitter,Shorts,#Education,India,8162,285470,60984,43541,4778.18,1254.5
Post_1034,2022-09-06,Instagram,Tweet,#Education,Australia,11338,379782,86100,44273,4499.51,1203.66
Post_4992,2022-01-07,Instagram,Shorts,#Fashion,Brazil,10157,322897,93292,23766,4331.54,1233.71
Post_4138,2022-12-18,Instagram,Tweet,#Comedy,Canada,13578,485916,39122,29109,4081.21,931.49
Post_4285,2023-10-13,YouTube,Live Stream,#Gaming,Germany,7810,277197,12486,422,3714.53,806.86
Post_4572,2023-03-04,TikTok,Video,#Gaming,USA,5679,95171,63079,40180,3494.1,1143.12
Post_2353,2023-06-27,YouTube,Reel,#Fitness,USA,16896,474590,4148,49986,3129.29,635.68
Post_4772,2022-12-18,Instagram,Reel,#Viral,Australia,17410,440302,87598,7090,3072.89,815.84
Post_21,2023-08-15,Twitter,Video,#Gaming,Brazil,14095,268310,90495,16968,2666.0,790.01
Post_1514,2023-10-26,Instagram,Post,#Gaming,Canada,18259,325660,50504,27761,2212.2,553.08
Post_416,2022-03-23,Twitter,Tweet,#Music,India,17826,347482,13497,25800,2169.75,464.24
Post_1835,2022-09-12,YouTube,Tweet,#Dance,Australia,21300,339452,57791,30571,2008.52,510.23
Post_3958,2023-07-29,Instagram,Post,#Dance,Brazil,26531,366987,95517,48128,1924.66,528.94
Post_2958,2022-06-15,TikTok,Tweet,#Fitness,Japan,22280,294546,89803,22578,1826.42,526.51
Post_1704,2022-10-08,TikTok,Post,#Comedy,Australia,28489,444994,57777,15240,1818.28,444.78
Post_4589,2022-12-25,Instagram,Reel,#Gaming,USA,27994,441518,38281,10867,1752.75,405.25
Post_1538,2022-04-22,YouTube,Video,#Challenge,Canada,20509,237516,66323,41897,1685.78,466.51
Post_4888,2023-10-20,YouTube,Reel,#Fitness,Canada,26676,395504,18871,20392,1629.81,354.26
Post_2710,2023-09-19,Instagram,Tweet,#Fitness,Brazil,12365,150585,22791,10537,1487.37,371.2
Post_4890,2023-05-06,Twitter,Reel,#Gaming,India,40996,495489,67515,42200,1476.25,361.12
Post_1917,2022-01-21,YouTube,Live Stream,#Music,Canada,29816,396506,411,41454,1470.25,294.6
Post_3066,2023-07-17,Twitter,Live Stream,#Music,UK,30878,356573,37472,25202,1357.75,320.09
Post_3285,2022-12-27,Instagram,Live Stream,#Viral,India,39781,423500,50945,34819,1280.17,307.26
Post_4001,2023-05-01,Instagram,Reel,#Fashion,UK,37868,454927,20602,4792,1268.41,275.44
Post_431,2023-09-24,Twitter,Video,#Gaming,India,40081,388209,72017,26138,1213.45,314.56
Post_3747,2022-11-25,TikTok,Video,#Dance,USA,23356,253576,512,15923,1156.07,232.09
Post_2112,2023-10-17,YouTube,Post,#Dance,Brazil,16410,88118,70254,9681,1024.09,376.06
Post_4958,2023-05-19,Instagram,Live Stream,#Fitness,Australia,38930,295330,60125,42066,1021.12,266.0
Post_3814,2023-05-01,YouTube,Reel,#Fitness,India,54266,434656,76960,40771,1017.92,260.31
Post_530,2023-10-27,Twitter,Reel,#Tech,USA,18921,150828,7751,27357,982.7,212.93
Post_2254,2023-11-19,TikTok,Tweet,#Education,Japan,37444,248092,97919,7879,945.12,293.63
Post_1579,2022-08-15,Twitter,Post,#Fitness,India,57621,424733,91384,26655,941.97,251.83
Post_4861,2022-01-14,YouTube,Post,#Fashion,Australia,64334,491928,68387,27432,913.59,225.24
Post_2440,2022-06-24,TikTok,Live Stream,#Fashion,India,57063,445321,50056,13751,892.22,213.53
Post_919,2023-07-19,Twitter,Tweet,#Viral,Canada,6651,22479,24947,11283,882.71,326.58
Post_154,2023-04-22,Instagram,Shorts,#Tech,Canada,41081,319140,6541,23057,848.9,176.15
Post_2568,2022-02-07,TikTok,Tweet,#Fashion,UK,33485,153446,97898,28727,836.41,284.23
Post_3456,2023-04-30,Instagram,Tweet,#Fitness,India,52567,309679,88484,2957,763.06,219.94
Post_3289,2022-12-23,Instagram,Shorts,#Fashion,Brazil,56401,377017,1123,49912,758.94,152.59
Post_2593,2023-06-16,TikTok,Video,#Fashion,Brazil,36380,191250,49211,34693,756.33,205.37
Post_4292,2023-09-04,TikTok,Reel,#Music,Brazil,50353,338919,5571,36018,755.68,155.56
Post_1949,2022-07-22,YouTube,Post,#Challenge,Canada,54853,331423,63763,2984,725.89,191.67
Post_945,2023-08-31,Twitter,Post,#Viral,UK,40315,245660,20515,23450,718.41,164.04
Post_511,2023-02-17,Twitter,Video,#Comedy,Japan,56202,360896,25987,14628,714.41,161.38
Post_1618,2022-01-02,Instagram,Shorts,#Education,UK,55629,280770,79724,33789,708.77,199.08
Post_4277,2023-12-09,TikTok,Video,#Fitness,Australia,36859,235389,7241,15711,700.89,148.04
Post_1400,2023-01-11,Instagram,Live Stream,#Comedy,Australia,23823,40878,92816,32364,697.05,295.25
Post_4445,2022-02-19,Twitter,Post,#Education,UK,56016,357109,3830,27527,693.49,141.43
Post_2537,2022-12-25,TikTok,Shorts,#Comedy,Australia,74888,471073,9766,20104,668.92,139.0
Post_295,2023-01-04,Instagram,Reel,#Tech,Canada,70424,392371,44740,10705,635.89,152.59
Post_4548,2022-08-11,Instagram,Tweet,#Challenge,UK,50612,269736,42711,6981,631.13,159.98
Post_4539,2022-02-09,Twitter,Video,#Tech,Brazil,29712,153744,3574,22830,606.31,126.07
Post_4714,2022-11-26,TikTok,Tweet,#Music,USA,40261,171945,70151,1807,605.8,190.86
Post_656,2023-11-22,Twitter,Video,#Viral,Canada,31602,174512,12580,4018,604.74,136.87
Post_726,2022-09-24,Twitter,Reel,#Fitness,Brazil,55872,276531,16650,44259,603.95,132.71
Post_4739,2022-05-25,TikTok,Reel,#Dance,UK,50550,195965,58390,43705,589.63,164.13
Post_857,2023-08-06,Instagram,Shorts,#Challenge,Japan,75331,386738,46627,6927,584.48,141.65
Post_4945,2022-05-08,TikTok,Video,#Comedy,Australia,31732,140297,38920,3503,575.82,164.23
Post_219,2023-04-17,Twitter,Tweet,#Dance,India,89968,450376,40577,19844,567.75,131.59
Post_2233,2023-11-28,TikTok,Reel,#Viral,UK,28185,105103,37939,16406,565.72,166.99
Post_4846,2023-12-24,Twitter,Tweet,#Dance,UK,94208,423135,87349,22463,565.71,150.23
Post_1098,2022-08-14,YouTube,Tweet,#Fashion,UK,97528,402649,98985,48533,564.11,153.42
Post_105,2023-04-17,Instagram,Post,#Fitness,Japan,13562,11483,33641,30457,557.3,210.68
Post_2089,2022-05-23,YouTube,Video,#Comedy,Japan,97074,436030,82440,9626,544.01,142.77
Post_3777,2023-06-13,Twitter,Reel,#Comedy,Australia,72447,306980,66142,19162,541.48,144.81
Post_37,2022-06-09,Instagram,Reel,#Music,Germany,48908,205884,37256,14618,527.03,135.88
Post_1535,2023-06-18,Twitter,Post,#Fitness,Japan,103478,456488,26980,47979,513.58,113.15
Post_3286,2023-01-27,Instagram,Post,#Fashion,Japan,97690,412823,75641,11702,511.99,133.37
Post_1565,2022-08-06,YouTube,Shorts,#Dance,UK,110017,447835,93230,15675,506.05,135.11
Post_3452,2022-01-26,TikTok,Video,#Tech,USA,42222,103726,76576,30215,498.6,172.27
Post_2162,2023-02-17,TikTok,Shorts,#Fitness,Canada,119572,481352,83967,27291,495.61,127.21
Post_4816,2023-04-22,TikTok,Shorts,#Education,UK,88641,332438,73519,30577,492.47,131.67
Post_4867,2022-03-12,YouTube,Live Stream,#Gaming,Canada,107030,428316,72576,23752,490.18,125.16
Post_557,2023-03-25,Instagram,Post,#Fitness,Germany,129205,493844,93705,39629,485.41,126.09
Post_4486,2023-08-27,Instagram,Live Stream,#Fashion,UK,105441,393868,81465,35311,484.29,127.76
Post_2737,2022-03-07,Twitter,Reel,#Comedy,Brazil,58002,227583,4238,44828,476.96,98.32
Post_4521,2022-06-27,Twitter,Post,#Education,USA,112559,484941,20456,26030,472.13,101.7
Post_2608,2023-12-17,Twitter,Post,#Tech,Brazil,69325,235226,34520,49751,460.87,112.09
Post_4841,2023-03-28,TikTok,Tweet,#Challenge,Australia,116463,420019,84514,30850,459.7,120.97
Post_833,2022-10-18,YouTube,Live Stream,#Fitness,Canada,111712,374446,85509,48663,455.29,121.68
Post_2580,2023-11-24,Instagram,Reel,#Fitness,USA,142287,488840,88711,41354,434.97,111.93
Post_1070,2022-09-13,YouTube,Post,#Fitness,Canada,131873,454436,93369,18730,429.61,114.24
Post_4018,2023-03-12,TikTok,Video,#Fashion,Brazil,110071,424227,44869,1792,427.8,101.87
Post_825,2022-07-04,Instagram,Reel,#Gaming,Japan,102983,341704,82374,8883,420.42,116.08
Post_3325,2023-06-13,Instagram,Shorts,#Dance,UK,133501,499664,49136,9299,418.05,98.33
Post_4730,2022-11-04,Instagram,Video,#Viral,Brazil,71482,226507,35353,35679,416.24,103.03
Post_721,2023-09-29,TikTok,Reel,#Fitness,Germany,105800,329434,98771,12046,416.12,120.57
Post_2646,2022-12-16,YouTube,Video,#Comedy,Germany,116734,384391,60921,39945,415.69,104.01
Post_801,2022-03-09,Instagram,Reel,#Dance,Canada,34258,99120,37011,3149,406.56,124.53
Post_3927,2022-06-22,Instagram,Live Stream,#Fitness,USA,39409,71007,41600,46694,404.22,123.07
Post_95,2022-07-21,TikTok,Video,#Tech,Germany,128472,444670,64311,7956,402.37,100.5
Post_905,2023-07-04,Instagram,Live Stream,#Education,Brazil,132001,419371,71316,39401,401.58,101.93
Post_3631,2022-03-10,YouTube,Shorts,#Challenge,Japan,71395,250794,24677,5802,393.97,92.62
Post_5,2023-03-23,TikTok,Post,#Dance,Brazil,64866,171361,69581,6376,381.28,119.16
Post_4279,2022-12-14,TikTok,Video,#Music,Australia,28280,67072,13299,23411,366.98,92.21
Post_2612,2022-09-05,TikTok,Post,#Comedy,India,95396,279129,37417,25488,358.54,87.4
